gradnorm_d,step,epoch,loss,lr,train_seconds,pde_evaluations,L_d,lam_d,L2_paper,L2_late_paper,RMSE_paper,maxerr_paper,L2_exact,L2_late_exact,RMSE_exact,maxerr_exact
0.0948915036218501,1,0,0.0026824662927538157,0.0001,0.014411529999961203,0,0.0026824662927538157,1.0,5.929932929103116,25.854577549580384,0.07931264547689665,0.26139521991463976,5.929957889622198,25.853882741042757,0.07931263553585359,0.26139463534756996
0.01083633031915769,250,12,8.827925194054842e-05,0.0001,1.325627934000181,0,8.827925194054842e-05,1.0,,,,,,,,
0.009081930808357517,500,25,5.664852142217569e-05,0.0001,2.387669623001443,0,5.664852142217569e-05,1.0,0.6286127039770549,1.8565283060112152,0.008407672924615393,0.04812682595006682,0.6286597938583431,1.8564785577614689,0.008408266303811522,0.04813050483581928
0.008810348628804735,750,37,3.322402699268423e-05,0.0001,3.580626737001353,0,3.322402699268423e-05,1.0,,,,,,,,
0.0030304856403700967,1000,50,7.280073077708948e-06,0.0001,4.670735299000853,0,7.280073077708948e-06,1.0,0.32756409597539565,1.0958363886464348,0.0043811583243296625,0.018867080492665708,0.3275779833490152,1.0958183116482716,0.004381325076253726,0.018865743238313276
0.0053665870053686325,1250,62,1.1703133168339264e-05,0.0001,5.7908352410012185,0,1.1703133168339264e-05,1.0,,,,,,,,
0.0027514570692314852,1500,75,7.418438599415822e-06,0.0001,6.829815526001539,0,7.418438599415822e-06,1.0,0.27225247466212404,1.0283505861262074,0.0036413673242592154,0.01678278070518091,0.272246398544214,1.0282730635862614,0.0036412702730106005,0.01678324039207575
0.003071293314401001,1750,87,7.158986136346357e-06,0.0001,8.03013263600053,0,7.158986136346357e-06,1.0,,,,,,,,
0.002887524134481124,2000,100,7.43407872505486e-06,0.0001,9.071778634999987,0,7.43407872505486e-06,1.0,0.27022400338260094,1.2979962517132368,0.0036142365918586357,0.017021718888158545,0.27022305581435746,1.297932166889375,0.003614208252084942,0.017023388656972477
0.004225470316377014,2250,112,1.4562144315277692e-05,0.0001,10.182439957998554,0,1.4562144315277692e-05,1.0,,,,,,,,
0.0033390803909085004,2500,125,1.0171648682444356e-05,0.0001,11.221726915998147,0,1.0171648682444356e-05,1.0,0.22605683049135414,0.8847739057427753,0.003023502199560867,0.011190898875153003,0.22606717678143595,0.8848017845283735,0.0030236274746679092,0.011200053961413936
0.001833192808795144,2750,137,3.2271982490783557e-06,0.0001,12.50442202499812,0,3.2271982490783557e-06,1.0,,,,,,,,
0.0035626363628463486,3000,150,9.183648217003793e-06,0.0001,13.664885341997547,0,9.183648217003793e-06,1.0,0.3074491630307638,1.346116425203824,0.004112121799886134,0.01826879900523737,0.307452262152991,1.3460927232057418,0.004112145426106468,0.01826925869213221
0.001586736616074309,3250,162,4.819966761715477e-06,0.0001,14.793416087997684,0,4.819966761715477e-06,1.0,,,,,,,,
0.0016587559339249795,3500,175,2.22299649976776e-06,0.0001,15.855218975997445,0,2.22299649976776e-06,1.0,0.14549353109591817,0.6354030269440799,0.00194597088853376,0.013961940879909956,0.14548875178985185,0.6353814382825618,0.0019458985308258153,0.01396226147710504
0.002870867124252412,3750,187,1.3503406989912037e-05,0.0001,17.031900024997185,0,1.3503406989912037e-05,1.0,,,,,,,,
0.0013464871086543845,4000,200,3.0686837817484047e-06,0.0001,18.07861931699756,0,3.0686837817484047e-06,1.0,0.19573614290660044,0.7882226814818091,0.00261796406383881,0.009043881669640541,0.1957391225296521,0.7882422284305803,0.00261799256828975,0.009043881669640541
0.0019453883871803454,4250,212,8.229359082179144e-06,0.0001,19.25283539899749,0,8.229359082179144e-06,1.0,,,,,,,,
0.0013780108357374877,4500,225,4.133696165808942e-06,0.0001,20.345812985996986,0,4.133696165808942e-06,1.0,0.19030440418544506,0.760734697007775,0.0025453147484646335,0.00931668054887369,0.19030124427920203,0.7606654149357402,0.002545261452185017,0.009317140235768531
0.0006552444750575674,4750,237,8.363739425476524e-07,0.0001,21.59358927499602,0,8.363739425476524e-07,1.0,,,,,,,,
0.003404252960112537,5000,250,1.5669036656618118e-05,0.0001,22.744706906996385,0,1.5669036656618118e-05,1.0,0.3165114706666809,1.2447957755045218,0.004233329847485211,0.015408125688126842,0.31652173170385167,1.2447623339652023,0.004233448738268229,0.015407562027783428
