benchmark_id,beam_type,boundary_conditions,initial_conditions,damping,mode,E,rho,L,A,I,domain,time_window,normalization,paper_architecture,paper_fourier,paper_optimizer,paper_learning_rate,paper_batch_size,paper_minibatch_size,paper_epochs,paper_error,paper_RMSE,paper_frequency_error,paper_source,notes
FE-D-M1,fixed-fixed,"u=u_x=0 at x=0,L (Eq.49, Table 1)","u(x,0)=first-mode projection of static deflection Eq.27 (amplitude ~0.08 m from Fig.5c; F NS); u_t(x,0)=0",b=50 N s/m; PDE coeff gamma=b/rhoA=7.08 (Eq.49); Table 3 zeta=5.79e-2 inconsistent (standard zeta=0.0274),"1 (single-mode reference Eq.28, beta1*l=4.7300)",2.0e11,7845.0,2.75,9.0e-4,6.75e-8,"x in [0,2.75] m","t in [0,1] s (20.59 cycles)",NS (reference code standardises inputs),Fourier+NTK PINN; Table 4 test 12: 6 hidden x 200 tanh (Section 4 text says 4 x 200),"M_x=1 (sigma_x=1); M_t=2 (sigma_t=1,10); feature count NS; Eq.38-39 use 2*pi*B; Table 4 #12: sigma_t=(10,1), sigma_x=1",Adam; NTK weights Eq.37 (update interval NS),1e-4 (Table 4 #12; schedule NS),"640 per term (N_u=N_ut=N_ux=N_f, Eq.48)",32,45000,4.64e-4,"1.36e-3 (vs Abaqus FEA at mid-span, m)",NS (Wn=20.594 Hz; computed 20.5889),"Sec.5.1.1, Eq.49, Fig.5, Table 3, Table 4 #12, Table 5, Fig.6","CANONICAL (approved). Same number in Table 4 #12, Table 5, Fig.6 (mb=32). DUAL REFERENCE: paper-faithful = Eq.28 with beta1*l=4.7300, c2=43.73^2, gamma=7.08 (primary gate); exact-physics = exact root 4.730040745, same coefficients. Exact solution scores L2_paper=4.386e-4 (94.5% of target) - see results_optimization/tables/stage01_reference_comparison.csv"
FE-D-M1/T5-FCNN,fixed-fixed,NS,NS,NS,NS,NS,NS,NS,NS,NS,NS,NS,NS,FCNN,NS,NS,NS,NS,NS,NS,1.00,NS,NS,Table 5,Method ladder on FE-D-M1; per-method hyperparameters NS
FE-D-M1/T5-vanilla-PINN,fixed-fixed,NS,NS,NS,NS,NS,NS,NS,NS,NS,NS,NS,NS,vanilla-PINN,NS,NS,NS,NS,NS,NS,1.11,NS,NS,Table 5,Method ladder on FE-D-M1; per-method hyperparameters NS
FE-D-M1/T5-PINN+NTK,fixed-fixed,NS,NS,NS,NS,NS,NS,NS,NS,NS,NS,NS,NS,PINN+NTK,NS,NS,NS,NS,NS,NS,8.81e-1,NS,NS,Table 5,Method ladder on FE-D-M1; per-method hyperparameters NS
FE-D-M1/T5-PINN+NTK+Fourier,fixed-fixed,NS,NS,NS,NS,NS,NS,NS,NS,NS,NS,NS,NS,PINN+NTK+Fourier,NS,NS,NS,NS,NS,NS,4.64e-4,NS,NS,Table 5,Method ladder on FE-D-M1; per-method hyperparameters NS
FE-D-M1/F6-mb640,fixed-fixed,NS,NS,NS,NS,NS,NS,NS,NS,NS,NS,NS,NS,NS,NS,NS,NS,640,640,NS,7.32e-1,NS,NS,"Fig.6, Sec.5.1.1",Mini-batch sweep on FE-D-M1 (epochs presumably 45000)
FE-D-M1/F6-mb320,fixed-fixed,NS,NS,NS,NS,NS,NS,NS,NS,NS,NS,NS,NS,NS,NS,NS,NS,640,320,NS,6.18e-1,NS,NS,"Fig.6, Sec.5.1.1",Mini-batch sweep on FE-D-M1 (epochs presumably 45000)
FE-D-M1/F6-mb128,fixed-fixed,NS,NS,NS,NS,NS,NS,NS,NS,NS,NS,NS,NS,NS,NS,NS,NS,640,128,NS,6.57e-2,NS,NS,"Fig.6, Sec.5.1.1",Mini-batch sweep on FE-D-M1 (epochs presumably 45000)
FE-D-M1/F6-mb64,fixed-fixed,NS,NS,NS,NS,NS,NS,NS,NS,NS,NS,NS,NS,NS,NS,NS,NS,640,64,NS,1.46e-3,NS,NS,"Fig.6, Sec.5.1.1",Mini-batch sweep on FE-D-M1 (epochs presumably 45000)
FE-D-M1/F6-mb32,fixed-fixed,NS,NS,NS,NS,NS,NS,NS,NS,NS,NS,NS,NS,NS,NS,NS,NS,640,32,NS,4.64e-4,NS,NS,"Fig.6, Sec.5.1.1",Mini-batch sweep on FE-D-M1 (epochs presumably 45000)
FE-?-M1/T4-1,fixed-fixed,NS,NS,NS,NS,NS,NS,NS,NS,NS,NS,NS,NS,3 x 200,"sigma_t=(10,1); sigma_x=(1)",NS,1e-4,640,32,45000,1.23e-3,NS,NS,Table 4,Caption says fixed-end forward problem; damping not stated (#12 value equals FE-D-M1)
FE-?-M1/T4-2,fixed-fixed,NS,NS,NS,NS,NS,NS,NS,NS,NS,NS,NS,NS,4 x 200,"sigma_t=(10,1); sigma_x=(1)",NS,1e-4,640,32,45000,5.68e-4,NS,NS,Table 4,Caption says fixed-end forward problem; damping not stated (#12 value equals FE-D-M1)
FE-?-M1/T4-3,fixed-fixed,NS,NS,NS,NS,NS,NS,NS,NS,NS,NS,NS,NS,5 x 200,"sigma_t=(10,1); sigma_x=(1)",NS,1e-4,640,32,45000,4.80e-4,NS,NS,Table 4,Caption says fixed-end forward problem; damping not stated (#12 value equals FE-D-M1)
FE-?-M1/T4-4,fixed-fixed,NS,NS,NS,NS,NS,NS,NS,NS,NS,NS,NS,NS,6 x 100,"sigma_t=(10,1); sigma_x=(1)",NS,1e-4,640,32,45000,1.45e-3,NS,NS,Table 4,Caption says fixed-end forward problem; damping not stated (#12 value equals FE-D-M1)
FE-?-M1/T4-5,fixed-fixed,NS,NS,NS,NS,NS,NS,NS,NS,NS,NS,NS,NS,6 x 150,"sigma_t=(10,1); sigma_x=(1)",NS,1e-4,640,32,45000,5.04e-4,NS,NS,Table 4,Caption says fixed-end forward problem; damping not stated (#12 value equals FE-D-M1)
FE-?-M1/T4-6,fixed-fixed,NS,NS,NS,NS,NS,NS,NS,NS,NS,NS,NS,NS,6 x 200,sigma_t=(1); sigma_x=(1),NS,1e-4,640,32,45000,5.97e-1,NS,NS,Table 4,Caption says fixed-end forward problem; damping not stated (#12 value equals FE-D-M1)
FE-?-M1/T4-7,fixed-fixed,NS,NS,NS,NS,NS,NS,NS,NS,NS,NS,NS,NS,6 x 200,sigma_t=(10); sigma_x=(1),NS,1e-4,640,32,45000,4.52e-4,NS,NS,Table 4,Caption says fixed-end forward problem; damping not stated (#12 value equals FE-D-M1)
FE-?-M1/T4-8,fixed-fixed,NS,NS,NS,NS,NS,NS,NS,NS,NS,NS,NS,NS,6 x 200,sigma_t=(20); sigma_x=(1),NS,1e-4,640,32,45000,5.57e-4,NS,NS,Table 4,Caption says fixed-end forward problem; damping not stated (#12 value equals FE-D-M1)
FE-?-M1/T4-9,fixed-fixed,NS,NS,NS,NS,NS,NS,NS,NS,NS,NS,NS,NS,6 x 200,sigma_t=(1); sigma_x=(10),NS,1e-4,640,32,45000,9.43e-1,NS,NS,Table 4,Caption says fixed-end forward problem; damping not stated (#12 value equals FE-D-M1)
FE-?-M1/T4-10,fixed-fixed,NS,NS,NS,NS,NS,NS,NS,NS,NS,NS,NS,NS,6 x 200,"sigma_t=(10,1); sigma_x=(1)",NS,1e-2,640,32,45000,9.78e-1,NS,NS,Table 4,Caption says fixed-end forward problem; damping not stated (#12 value equals FE-D-M1)
FE-?-M1/T4-11,fixed-fixed,NS,NS,NS,NS,NS,NS,NS,NS,NS,NS,NS,NS,6 x 200,"sigma_t=(10,1); sigma_x=(1)",NS,1e-3,640,32,45000,2.01e-1,NS,NS,Table 4,Caption says fixed-end forward problem; damping not stated (#12 value equals FE-D-M1)
FE-?-M1/T4-12,fixed-fixed,NS,NS,NS,NS,NS,NS,NS,NS,NS,NS,NS,NS,6 x 200,"sigma_t=(10,1); sigma_x=(1)",NS,1e-4,640,32,45000,4.64e-4,NS,NS,Table 4,Caption says fixed-end forward problem; damping not stated (#12 value equals FE-D-M1)
FE-?-M1/T4-13,fixed-fixed,NS,NS,NS,NS,NS,NS,NS,NS,NS,NS,NS,NS,6 x 200,"sigma_t=(10,1); sigma_x=(1)",NS,1e-5,640,32,45000,2.67e-1,NS,NS,Table 4,Caption says fixed-end forward problem; damping not stated (#12 value equals FE-D-M1)
FE-?-M1/T4-14,fixed-fixed,NS,NS,NS,NS,NS,NS,NS,NS,NS,NS,NS,NS,7 x 200,"sigma_t=(10,1); sigma_x=(1)",NS,1e-4,640,32,45000,5.19e-4,NS,NS,Table 4,Caption says fixed-end forward problem; damping not stated (#12 value equals FE-D-M1)
FE-?-M1/T4-15,fixed-fixed,NS,NS,NS,NS,NS,NS,NS,NS,NS,NS,NS,NS,6 x 250,"sigma_t=(10,1); sigma_x=(1)",NS,1e-4,640,32,45000,4.59e-4,NS,NS,Table 4,Caption says fixed-end forward problem; damping not stated (#12 value equals FE-D-M1)
FE-?-M1/T4-16,fixed-fixed,NS,NS,NS,NS,NS,NS,NS,NS,NS,NS,NS,NS,6 x 200,"sigma_t=(20,1); sigma_x=(1)",NS,1e-4,640,32,45000,4.17e-4,NS,NS,Table 4,Caption says fixed-end forward problem; damping not stated (#12 value equals FE-D-M1)
FE-?-M1/T4-17,fixed-fixed,NS,NS,NS,NS,NS,NS,NS,NS,NS,NS,NS,NS,6 x 200,"sigma_t=(10,1,1); sigma_x=(1)",NS,1e-4,640,32,45000,4.96e-4,NS,NS,Table 4,Caption says fixed-end forward problem; damping not stated (#12 value equals FE-D-M1)
FE-?-M1/T4-18,fixed-fixed,NS,NS,NS,NS,NS,NS,NS,NS,NS,NS,NS,NS,6 x 200,"sigma_t=(10,1); sigma_x=(1,1)",NS,1e-4,640,32,45000,4.97e-4,NS,NS,Table 4,Caption says fixed-end forward problem; damping not stated (#12 value equals FE-D-M1)
FE-U-M1,fixed-fixed,"u=u_x=0 at x=0,L (Eq.46)",as FE-D-M1,none (b=0),1,2.0e11,7845.0,2.75,9.0e-4,6.75e-8,"x in [0,2.75] m","t in [0,1] s (20.59 cycles)",NS,Fourier+NTK PINN; Table 4 test 12: 6 hidden x 200 tanh (Section 4 text says 4 x 200),"M_x=1 (sigma_x=1); M_t=2 (sigma_t=1,10); feature count NS; Eq.38-39 use 2*pi*B",Adam + NTK,1e-4,640,32,45000,2.70e-3,"9.71e-3 (vs FEA, mid-span)",NS,"Sec.5.1.1, Eq.46-48, Fig.4",Paper: undamped harder than damped (damped L2 is early-time weighted)
SS-U-M1,simply-supported,"u=u_xx=0 at x=0,L (prose, Table 1); Eq.A.4 prints u_xx=u_xxx=0 (typo: free-free)","first-mode projection of Eq.A.2 (amplitude ~0.065 m, Fig.A.19c); u_t=0",none,"1 (Eq.A.3, beta1*l=3.1416)",2.0e11,7845.0,2.75,9.0e-4,6.75e-8,"x in [0,2.75] m","t in [0,1] s (9.08 cycles)",NS,'same as Section 5.1.1',"M_x=1 (sigma_x=1); M_t=2 (sigma_t=1,10); feature count NS; Eq.38-39 use 2*pi*B",Adam + NTK,1e-4 (inferred),960 per term (Eq.A.6),NS (32 if 'same as 5.1.1'),30000,2.3e-3,8.82e-4 (vs FEA),NS,"Appendix A.2, Table A.10, Fig.A.19",Legacy repo implements this case (P_paper_window: 0.967 at 4000 it). Target coincides with c^2-rounding floor 2.27e-3
SS-D-M1,simply-supported,u=u_xx=0 (Eq.A.7 prints u_xx=u_xxx=0),as SS-U-M1,"b=50 (gamma 7.08, Eq.A.7)",1,2.0e11,7845.0,2.75,9.0e-4,6.75e-8,"x in [0,2.75] m","t in [0,1] s",NS,as SS-U-M1,NS,NS,NS,960,NS,30000,4.07e-2,6.12e-4 (vs FEA),NS,"Appendix A.2, Fig.A.20",NS
CF-U-M1,cantilever (fixed-free),u=u_x=0 at x=0; u_xx=u_xxx=0 at x=L (Eq.B.5),first-mode projection of Eq.B.3; u_t=0,none,1 (beta1*l=1.8751),2.0e11,7845.0,4.0,9.0e-4,6.75e-8,"x in [0,4] m","t in [0,1] s (1.53 cycles)",NS,as Section 4,NS,NS,NS,640 (Eq.B.7),NS,70000,3.07e-5,"2.74e-3 (vs FEA, free tip)",NS,"Appendix B.2, Table B.11, Fig.B.22",NS
CF-D-M1,cantilever (fixed-free),as CF-U-M1 (Eq.B.8),as CF-U-M1,"b=5 N s/m (gamma=0.708, Eq.B.8)",1,2.0e11,7845.0,4.0,9.0e-4,6.75e-8,"x in [0,4] m","t in [0,5] s (7.6 cycles)",NS,NS,NS,NS,NS,640,NS,70000,7.20e-4,1.64e-3 (vs FEA),NS,"Appendix B.2, Fig.B.23",NS
CF-D-INV,cantilever (fixed-free),as CF-D-M1 ('periodic' per Sec.5.1.2 text),as CF-D-M1,"identify b (true 5.0); gamma=exp(eps), eps0=-0.2",1,2.0e11,7845.0,4.0,9.0e-4,6.75e-8,NS,"t in [0,5] s (Fig.7b)",NS,4 x 200; 1 temporal + 2 spatial Fourier mappings,NS,NS,NS,3200 (N_u=N_f),128,250000,6.35e-2 (field L2); b error 1.41% (5.07),NS,NS,"Sec.5.1.2, Eq.50-54, Table 6, Fig.7-8",Inverse problem: uses interior analytical data
EXP-CF-PLEXI,"cantilever, plexiglass",Eq.55,NS,gamma=2.16; impulse 0.142 N,NS,3.5e9,1185.0,0.65,3.36e-4,1.9757e-9,NS,"t in [0,1] s",NS,NS,NS,NS,NS,NS,NS,30000 (sensor) / 20000 (synthetic),1.44e-1 (sensor velocity) / 1.24e-1 (synthetic),NS,6.00 Hz PINN vs 5.99 Hz sensor (Table 8),"Sec.5.2, Table 7-8",Needs measured data that the paper does not release ('available on request')
WAVE1D-REF,"not a beam (1-D wave eq., Wang et al. 2022)",NS,NS,NS,NS,NS,NS,NS,NS,NS,NS,NS,NS,PINN+RAD / gPINN+RAR / PINN+NTK / PINN+NTK+FF,NS,NS,NS,NS,NS,NS,9.00e-2 / 7.31e-3 / 1.73e-3 / 6.22e-4,NS,NS,Table 2,Out of scope; context only
