gradnorm_f,step,epoch,loss,lr,train_seconds,pde_evaluations,L_f,lam_f,L2_paper,L2_late_paper,RMSE_paper,maxerr_paper,L2_exact,L2_late_exact,RMSE_exact,maxerr_exact,rad_r_p50,rad_r_p90,rad_r_p99,rad_r_max,rad_r_mean_all,rad_r_mean_selected,rad_t_mean_selected,rad_x_mean_selected,rad_seconds_update
113304966660.82053,1,0,2118486272.0,0.0001,0.3205444900000032,32,2118486272.0,1.0,4.104601827327168,17.54433516701222,0.05489890584712898,0.15336573368876966,4.104620361331499,17.543884493396522,0.054898915774943165,0.15336599128044387,,,,,,,,,
1564666102.512753,250,12,4533604.0,0.0001,16.057814763999964,8000,4533604.0,1.0,,,,,,,,,,,,,,,,,
2970154522.5016904,500,25,10203910.0,0.0001,31.310457229999876,16000,10203910.0,1.0,4.142449275318206,17.826076123155268,0.055405114139972594,0.15336548036902936,4.142468046025892,17.825618539331188,0.05540512503948038,0.15336573796070357,,,,,,,,,
,500,,,,,,,,,,,,,,,,1023.5860595703125,3916.1452636718777,9595.309765625003,19453.36328125,1626.9024902112567,2607.96990447063,0.5696585778417254,1.3616154664303568,4.478586634999999
191102665.78865427,750,37,514075.78125,0.0001,51.04663766099977,24000,514075.78125,1.0,,,,,,,,,,,,,,,,,
757511362.9548241,1000,50,1083207.0,0.0001,66.1668114259998,32000,1083207.0,1.0,3.909132017119885,16.097986486474824,0.052284503973826287,0.1533568823990205,3.9091495381472883,16.097573084635677,0.052284511685458106,0.15335713999069472,,,,,,,,,
,1000,,,,,,,,,,,,,,,,789.7593383789062,2599.511669921876,5967.715551757813,11508.4228515625,1124.954364259148,1696.9888591848314,0.5553451710310251,1.3372194358153289,4.262890092999996
399467541.3281565,1250,62,1053035.375,0.0001,85.85370730799957,40000,1053035.375,1.0,,,,,,,,,,,,,,,,,
726411815.5127012,1500,75,1400112.75,0.0001,100.47221229499962,48000,1400112.75,1.0,3.615132257228678,13.821286252664212,0.048352267470424426,0.15334537870257886,3.615148143957135,13.820930676706046,0.04835227036798694,0.15334563629425307,,,,,,,,,
,1500,,,,,,,,,,,,,,,,729.2472839355469,2018.1275512695318,5230.604248046884,9373.5302734375,969.0810631231673,1498.1844175526408,0.5578707329315371,1.3734556882512525,3.5451743929999964
323072046.1850217,1750,87,608444.125,0.0001,118.84248502999947,56000,608444.125,1.0,,,,,,,,,,,,,,,,,
209752649.21987692,2000,100,669816.25,0.0001,133.3216344429993,64000,669816.25,1.0,3.384204551711109,11.927332788472215,0.04526361748778822,0.1533356109914163,3.384219078831632,11.927024677765,0.045263615588669225,0.1533358685830905,,,,,,,,,
,2000,,,,,,,,,,,,,,,,665.8817749023438,1814.2406738281263,5380.079243164067,16459.048828125,923.7414138122455,1493.9495656610002,0.5317349818813539,1.3998510060005547,3.349684633999999
173503521.26245883,2250,112,443739.5625,0.0001,151.22374931999957,72000,443739.5625,1.0,,,,,,,,,,,,,,,,,
153865892.9262005,2500,125,462849.15625,0.0001,165.32814461799953,80000,462849.15625,1.0,3.19096932861578,10.237938240256018,0.042679103138934214,0.1533263648208955,3.190982621524303,10.237671476045826,0.04267909593508495,0.15332662241256972,,,,,,,,,
,2500,,,,,,,,,,,,,,,,627.6281127929688,1510.3779418945312,3012.562045898439,5791.4384765625,755.7601849682034,975.9307856850326,0.5218409277691526,1.358489796070624,3.144680399000009
154919992.65798157,2750,137,436063.5625,0.0001,183.6240477229994,88000,436063.5625,1.0,,,,,,,,,,,,,,,,,
118925063.057662,3000,150,543464.5625,0.0001,197.79483613499974,96000,543464.5625,1.0,3.0040699963934707,8.48658301672637,0.04017933110885516,0.15331608301967176,3.0040819965925976,8.486357659718008,0.04017931745055746,0.15331634061134597,,,,,,,,,
,3000,,,,,,,,,,,,,,,,596.7277526855469,1435.9427978515625,2886.9947460937556,5795.4814453125,725.6017778385699,991.9368292564526,0.5352183033687206,1.3676688882500478,3.203297025000012
135341816.54751235,3250,162,453306.03125,0.0001,215.24735341399966,104000,453306.03125,1.0,,,,,,,,,,,,,,,,,
146802867.33187428,3500,175,307874.53125,0.0001,230.1673903549993,112000,307874.53125,1.0,2.9006708864185398,7.460138541259554,0.03879637163020407,0.15330928809016736,2.900682097543595,7.459936151982103,0.03879635341263913,0.15330954568184157,,,,,,,,,
,3500,,,,,,,,,,,,,,,,558.8699951171875,1331.6527954101564,2350.122795410158,4823.84423828125,668.7576258136047,892.3107375112595,0.5138770624726116,1.3941731471795762,3.5200248460000125
39889022.12874301,3750,187,241364.546875,0.0001,248.48901657099938,120000,241364.546875,1.0,,,,,,,,,,,,,,,,,
190149363.33454737,4000,200,470465.0,0.0001,263.3051327379996,128000,470465.0,1.0,2.8592359936105023,7.039816278923307,0.038242181388434486,0.15330618119805844,2.8592468626603087,7.0396227913581955,0.03824216099781745,0.15330643878973266,,,,,,,,,
,4000,,,,,,,,,,,,,,,,626.9332275390625,1420.6692138671876,3799.041040039066,7853.2041015625,773.5964827310369,1112.4014492727001,0.517431700969594,1.409962864632401,2.940922922000027
63169583.509338364,4250,212,243146.875,0.0001,280.9322946199996,136000,243146.875,1.0,,,,,,,,,,,,,,,,,
60568304.27845259,4500,225,321660.84375,0.0001,295.94319652299913,144000,321660.84375,1.0,2.829897182119768,6.7417558949546015,0.03784977581112047,0.1533036554512361,2.8299077860566744,6.741568300403505,0.03784975357554977,0.1533039130429103,,,,,,,,,
,4500,,,,,,,,,,,,,,,,537.7851257324219,1306.4785522460945,2504.0136865234404,6371.85107421875,651.8515867598087,838.368404616043,0.4976657328741739,1.3651307659825502,3.158033508000017
38293473.66085746,4750,237,307734.96875,0.0001,315.16497472799904,152000,307734.96875,1.0,,,,,,,,,,,,,,,,,
78311252.34974864,5000,250,228880.78125,0.0001,329.7095681469993,160000,228880.78125,1.0,2.83280983172498,6.771584980713585,0.03788873239769548,0.1533038938698152,2.8328204605754257,6.771396814572946,0.03788871032648127,0.1533041514614894,,,,,,,,,
