run,step,r_mean_all,r_mean_selected,r_p50,r_p99,t_mean_selected,seconds
Z1_Y1_rad,500,34.67778036772162,58.68350381664932,24.819567680358887,171.47576049804695,0.48935794799602716,4.009309227999992
Z1_Y1_rad,1000,42.13793915151954,66.01809739563615,26.91059398651123,244.63020278930696,0.465116101974124,3.748270055000006
Z1_Y1_rad,1500,30.326109359881283,66.11060880757869,19.069711685180664,238.2687950134279,0.46969980498398833,4.993925204999982
Z1_Y1_rad,2000,28.084588250640035,47.86455637072213,19.76335334777832,172.52441772460938,0.47657807041785194,3.3679753549999987
Z1_Y1_rad,2500,33.803740213536564,54.044567245338115,26.203593254089355,190.00785034179705,0.4552033066538758,4.696236733999996
Z1_Y1_rad,3000,27.387272159601842,43.12518407412572,19.851356506347656,171.71900238037142,0.4864309129195097,4.4601533270000004
Z1_Y1_rad,3500,21.010131063874812,40.82060870651039,13.533883571624756,141.61218948364262,0.45367155441006785,3.003116432000013
Z1_Y1_rad,4000,31.062950515877457,47.23965099986526,22.442381858825684,173.35165054321294,0.45546426767767356,3.0143932560000053
Z1_Y1_rad,4500,29.87604286865629,39.20009556352161,25.74241828918457,135.69564590454127,0.45873707398123537,3.418409820000022
Z3_Y4_rad,500,21043.150651047563,26181.883781671524,17339.4296875,73067.46406250009,0.49330517917495803,5.102931240000004
Z3_Y4_rad,1000,16586.490310954094,21764.66416672468,13350.29296875,59773.331328125,0.48555051529933796,3.3920588350000003
Z3_Y4_rad,1500,13847.051796068763,17888.793088179827,11528.94775390625,48062.00054687506,0.5021218284310216,3.8845963740000116
Z3_Y4_rad,2000,12775.530659564209,17497.976171803475,10536.5263671875,44507.040234375,0.492454454090775,3.1782678379999822
Z3_Y4_rad,2500,11415.81139708581,14430.34651420936,9376.3525390625,38646.51882812501,0.4907837734527808,3.3470492929999978
Z3_Y4_rad,3000,10437.690570685578,13074.02553895712,8483.72705078125,37657.091562500005,0.502090452987084,3.4626579750000133
Z3_Y4_rad,3500,10435.693573492623,13689.579481214285,8896.6904296875,33708.026796875005,0.48442792488345543,3.204171736000035
Z3_Y4_rad,4000,11460.757695167495,15618.274986886978,8776.048828125,52675.633281250244,0.49844491652287654,4.166290911999965
Z3_Y4_rad,4500,9236.936294272948,11376.565589725971,7543.4951171875,33057.11429687502,0.4885580930203613,2.6873549270000012
