run,window,res_rms,res_share,amp_ratio,vel_ratio,grad
Y1_X2_lrsched,"[0.0,0.05)",0.5161677913371482,0.414252677711598,0.762248052293011,0.7388401167869484,341733.6192874044
Y1_X2_lrsched,"[0.05,0.1)",0.3469960562427108,0.1872115330266028,0.4109479750087394,0.38298256932308816,307593.62238433876
Y1_X2_lrsched,"[0.1,0.2)",0.12906207971755793,0.05179774290365309,0.1230166779269633,0.10349395854665062,82855.73792171708
Y1_X2_lrsched,"[0.2,0.4)",0.11702239613254312,0.08516898783014235,0.045235324420194664,0.021082586603562332,102062.01817194762
Y1_X2_lrsched,"[0.4,0.7)",0.11756314407581644,0.12893687989880223,0.12806503022003635,0.04140157476430288,114677.62598026746
Y1_X2_lrsched,"[0.7,1.0)",0.11903767756596031,0.13263217862920162,0.49452361520075944,0.22384096799116007,139164.88229634438
Y4_C0_lrsched,"[0.0,0.05)",64.46861281389812,0.04900902421926185,1.0326633159754934,0.00819605596818314,75607899462.81691
Y4_C0_lrsched,"[0.05,0.1)",68.9602947374849,0.05607607690868786,1.1939565785738468,0.012318613107266299,63878189819.99488
Y4_C0_lrsched,"[0.1,0.2)",67.47522112804742,0.10737372833024435,1.4881118071583206,0.017503368772206908,70598932027.42598
Y4_C0_lrsched,"[0.2,0.4)",61.76313108118263,0.17992769025058908,2.286600257512451,0.02100545335662765,60253991984.83405
Y4_C0_lrsched,"[0.4,0.7)",65.6118822673715,0.30457597908283846,5.154518851165539,0.04485543467326031,65057945968.052986
Y4_C0_lrsched,"[0.7,1.0)",65.33715804292648,0.30303750120837847,15.486723087116815,0.18179954524336867,67945680561.78824
Z1_Y1_rad,"[0.0,0.05)",0.24726195628629702,0.10643244281947765,0.9119217145856937,0.9058742663898012,89169.3612409023
Z1_Y1_rad,"[0.05,0.1)",0.5810845739854622,0.5878115576406114,0.5048272408691133,0.479343409563831,574374.7076086436
Z1_Y1_rad,"[0.1,0.2)",0.15999788359672523,0.08912876725180481,0.18567057184252947,0.17086696309847446,195436.87273903863
Z1_Y1_rad,"[0.2,0.4)",0.08302052597707327,0.04799437942585485,0.054889431640872594,0.0287046095509158,66480.47788070528
Z1_Y1_rad,"[0.4,0.7)",0.08766391911911788,0.0802698485116199,0.11017580992442745,0.0530310554284491,85140.14830652266
Z1_Y1_rad,"[0.7,1.0)",0.09182422615538904,0.08836300435063131,0.35998795556524665,0.25598032458882636,54417.496454793865
Z2_Y1_seed1235,"[0.0,0.05)",0.6156148142066272,0.26262380155813775,0.7342535597331468,0.7085383210128788,756941.7208253248
Z2_Y1_seed1235,"[0.05,0.1)",0.37237963552733233,0.09609212648304168,0.36471645571963873,0.34703837899892587,584903.4944394326
Z2_Y1_seed1235,"[0.1,0.2)",0.27799884498009353,0.10711047319267634,0.16356591126409728,0.11164480715109767,531648.7634706019
Z2_Y1_seed1235,"[0.2,0.4)",0.19757716435825914,0.10820552755549281,0.1300642926180955,0.04582096693128824,319857.8977585817
Z2_Y1_seed1235,"[0.4,0.7)",0.21860521758654614,0.19869560284264084,0.2605438348317933,0.07197640071908074,355504.7535977482
Z2_Y1_seed1235,"[0.7,1.0)",0.23340878028716927,0.22727246836801046,1.145837535903488,0.1360722912007475,403905.1361181757
Z3_Y4_rad,"[0.0,0.05)",47.53494590429938,0.05511517829334978,0.9916961888502264,0.007105858935030487,35478952842.996544
Z3_Y4_rad,"[0.05,0.1)",48.866330249799866,0.058245806096710574,1.1567785665367738,0.010197139785519796,43001528491.71848
Z3_Y4_rad,"[0.1,0.2)",48.45533620723344,0.11454032916207543,1.4350605074639002,0.015763709166613994,36812408240.55465
Z3_Y4_rad,"[0.2,0.4)",44.522557884124176,0.1934039832713132,2.1958478130519357,0.02099491049802888,37348334980.79909
Z3_Y4_rad,"[0.4,0.7)",43.35335643355242,0.2750691666698358,4.9575392064997,0.03998008227372273,28788120422.602936
Z3_Y4_rad,"[0.7,1.0)",45.472444091173664,0.3036255365067153,14.897176335968291,0.16533595372883245,31279181441.730045
Z4_Y1_mb128,"[0.0,0.05)",0.21167222981674197,0.18222878296330192,0.9241478687979743,0.9199207174989087,316669.7237222345
Z4_Y1_mb128,"[0.05,0.1)",0.20200147487935266,0.16595803570825682,0.7769123737252954,0.7815007062103903,178288.79498247552
Z4_Y1_mb128,"[0.1,0.2)",0.12406254751284636,0.1251989222269268,0.542739691272026,0.549401706731629,102740.03970683667
Z4_Y1_mb128,"[0.2,0.4)",0.13978993244601162,0.31790765563506695,0.22048782776869613,0.17988510044075381,204178.1411052093
Z4_Y1_mb128,"[0.4,0.7)",0.05769386606124595,0.08122687392153824,0.1098430668396706,0.04049992341739724,78588.04123991948
Z4_Y1_mb128,"[0.7,1.0)",0.07215687536731269,0.1274797295449093,0.4589958719266191,0.18148811873121518,70897.10571578583
