convention,coord,sigma,m,target_rad_per_unit,max_feature,median_feature,n_above_target,n_within_10pct
"paper (Eq.38-39: 2pi, physical)",t,10.0,100,129.3246197462831,168.36708068847656,40.50106430053711,3,5
"paper (Eq.38-39: 2pi, physical)",t,1.0,100,129.3246197462831,17.38901138305664,4.707964897155762,0,0
"paper (Eq.38-39: 2pi, physical)",x,1.0,100,1.7200148163137106,16.801280975341797,4.473845481872559,78,3
"reference code (no 2pi, standardised)",t,10.0,100,129.3246197462831,92.82563018798828,22.32940673828125,0,0
"reference code (no 2pi, standardised)",t,1.0,100,129.3246197462831,9.587064743041992,2.595637083053589,0,0
"reference code (no 2pi, standardised)",x,1.0,100,1.7200148163137106,3.368374824523926,0.8969309329986572,19,9
"legacy repo (no 2pi, unit)",t,10.0,100,129.3246197462831,26.796451568603516,6.445944309234619,0,0
"legacy repo (no 2pi, unit)",t,1.0,100,129.3246197462831,2.767547130584717,0.7492958903312683,0,0
"legacy repo (no 2pi, unit)",x,1.0,100,1.7200148163137106,0.9723660945892334,0.25892165303230286,0,0
