grid,pred,ref,L2,L2_late,max_abs_over_A0,rel_freq_diff,target,floor_over_target,worst_case_L2_exact_needed,orthogonal_L2_exact_needed
201x2001,exact,paper,0.0004386070718095637,0.001404608109860772,0.0002319481834714288,1.7241255147705362e-05,0.000464,0.9452738616585424,,
201x2001,material,paper,0.001356803401865142,0.004348259533061564,0.000717840690425735,-5.2803109419282556e-05,0.000464,2.9241452626403923,,
201x2001,material,exact,0.0017921452640373148,0.0057439182312981,0.0009481499863485821,-7.004315693504785e-05,0.000464,3.8623820345631783,,
101x1001,exact,paper,0.0004378421020664001,0.0014060336341420964,0.00023161315398037986,1.7241255147705362e-05,0.000464,0.9436252199706899,,
101x1001,material,paper,0.001354428386216413,0.004352770166026334,0.0007164107456560835,-5.2803109419282556e-05,0.000464,2.9190266944319245,,
101x1001,material,exact,0.0017890092789935896,0.005749859177535693,0.0009478814915568422,-7.004315693504785e-05,0.000464,3.855623446106874,,
401x4001,exact,paper,0.0004389911941779203,0.0014039115638688816,0.0002319481834714288,1.7241255147705362e-05,0.000464,0.9461017115903454,,
401x4001,material,paper,0.0013579959171839415,0.004346044001121102,0.000717840690425735,-5.2803109419282556e-05,0.000464,2.9267153387584948,,
401x4001,material,exact,0.0017937198945160342,0.005741003947714761,0.0009485117662201374,-7.004315693504785e-05,0.000464,3.8657756347328323,,
1-D x (20001),paper_u0,exact_u0,1.733905905208023e-05,nan,2.1035639908044065e-05,0.0,0.000464,nan,,
201x2001,exact,paper(freq only),0.0004382649173105755,nan,nan,-1.7240957891951354e-05,0.000464,0.9445364597210678,,
201x2001,exact,paper(shape only),1.7338984222264977e-05,nan,nan,0.0,0.000464,0.037368500479019344,,
201x2001,headroom,paper,0.0004386070718095637,nan,nan,nan,0.000464,0.9452738616585424,2.53929281904363e-05,0.00015139298715145374
