kind,eps,frequency_error_median,phase_error_median,amplitude_error_median,damping_error_median,frequency_se_median,frequency_error_p95,phase_error_p95,amplitude_error_p95,damping_error_p95,frequency_se_p95
none,0.0,0.0,0.0,0.0,0.0,1.4141367542284942e-18,,,,,
white,1e-05,8.614257233738192e-09,2.1460733368172669e-07,2.5450778638658614e-07,3.327775281325252e-07,1.258596824034272e-08,2.532260184768488e-08,6.497168527408446e-07,6.522532004592853e-07,8.734194894953479e-07,1.259555997607351e-08
white,0.0001,9.585620672111606e-08,2.397124082564872e-06,2.289272286655202e-06,3.242111684142761e-06,1.2585616356491745e-07,2.764602959370871e-07,6.8645606590589366e-06,5.6810814820859705e-06,8.415745660287911e-06,1.2596223298225548e-07
white,0.00025,2.4428524632274447e-07,6.453511837589687e-06,4.815382775760968e-06,8.77510044295443e-06,3.1464435209656353e-07,5.994115733749606e-07,1.624484032625162e-05,1.4692842609154887e-05,2.299612240422848e-05,3.148914949792529e-07
white,0.000464,4.074263794530982e-07,1.2767256749812717e-05,1.0688302948412602e-05,1.483136505561269e-05,5.839838937156168e-07,1.1891200926354875e-06,3.031561338087129e-05,2.6487515563714194e-05,4.276941530792921e-05,5.844419880321177e-07
white,0.001,7.962030756714712e-07,2.2753386475171666e-05,2.3388766667191812e-05,3.574323709752887e-05,1.2585067599867527e-06,2.6258180609955523e-06,5.9227729759303564e-05,6.212199431515949e-05,9.051012856968501e-05,1.2596353761892782e-06
white,0.01,1.013104672263161e-05,0.00023761234128283348,0.0001825564016751119,0.00032986786053526795,1.2586276180367373e-05,2.7316502967986505e-05,0.0006293491701687692,0.0006698600413697582,0.0009080204013260563,1.2597464796724548e-05
smooth,1e-05,3.933390313285388e-08,1.4545714517311126e-06,1.3405875976899811e-06,1.279058743477107e-06,1.231050116015236e-08,1.1708320453939122e-07,5.2797160753792476e-06,6.646277709289313e-06,4.9269380336575386e-06,1.2577571269624096e-08
smooth,0.0001,4.2738287090690234e-07,1.5526191772918807e-05,1.246771790647326e-05,1.3029339051176583e-05,1.229932263074473e-07,1.519945391570635e-06,5.736977937587089e-05,6.220378088379968e-05,4.892113749106083e-05,1.2581398893365644e-07
smooth,0.00025,7.916699833062296e-07,3.054540211144818e-05,3.359442246573403e-05,3.35972800289245e-05,3.090283128490553e-07,3.7518513296099675e-06,0.0001690179259774993,0.00010773619838786503,0.00010948196534255866,3.144713544003319e-07
smooth,0.000464,1.5850040661638105e-06,6.223848604114401e-05,5.802024896540495e-05,5.59919837678193e-05,5.74385365724522e-07,6.864099143143477e-06,0.0002796535752363381,0.00022155667418612783,0.00019869641454887046,5.838449108210176e-07
smooth,0.001,3.5306583306690156e-06,0.00013071116998419896,0.0001501829112441851,0.00013324732689376896,1.2369082459869422e-06,1.4776731004994013e-05,0.0006342529444144592,0.0005793646202379701,0.00047137503121665145,1.2581365670718968e-06
smooth,0.01,3.856154518264165e-05,0.0015632924425106332,0.0015242062130583506,0.0012620807974646295,1.2266833492470203e-05,0.0001309591633728185,0.005468892477920638,0.006052239992633246,0.0056291193925045845,1.2568412486432164e-05
envelope,1e-05,1.2821426794722517e-07,6.442687167540484e-06,6.133751048812415e-06,4.937076969280816e-06,6.014664032639363e-09,3.052753080408392e-07,1.1803453786551896e-05,1.1779945081554846e-05,1.1441118158177508e-05,1.0116921364683838e-08
envelope,0.0001,1.42853476823382e-06,6.39662401555885e-05,6.59343954954593e-05,4.909592012133186e-05,5.8901922626226336e-08,3.259630948206951e-06,0.00011923794916368635,0.00011872425219406976,0.00011832593573775257,9.949244639187396e-08
envelope,0.00025,3.4220005070824606e-06,0.00016138627692985352,0.0001531831380513358,0.00012809163133860473,1.4313040760229477e-07,8.178782290206221e-06,0.000291036540144729,0.0003029950623480426,0.0002889659456097971,2.559608656420286e-07
envelope,0.000464,6.031994143841599e-06,0.0002721166654777729,0.00030019440404459546,0.00023537890645094112,2.7418761984724104e-07,1.4247060321478365e-05,0.00053175764497968,0.0005503863965883089,0.0005439284184306081,4.652460303169635e-07
envelope,0.001,1.4214083593375697e-05,0.0006131082751530403,0.0006280616650858466,0.00047188447031632635,5.739712310153991e-07,3.0479928310629695e-05,0.0011711176769131136,0.0011515208201571924,0.0010291261595722545,1.039959566033785e-06
envelope,0.01,0.00013722494439512593,0.006648937995523907,0.006216019979454219,0.004694279014354561,5.9617846806115e-06,0.0003092806276116324,0.012191889489410279,0.011533664767656073,0.01112710598174202,9.700609618922573e-06
