gradnorm_u,gradnorm_ut,gradnorm_ux,gradnorm_f,step,epoch,loss,lr,train_seconds,pde_evaluations,L_u,L_ut,L_ux,L_f,lam_u,lam_ut,lam_ux,lam_f,L2_paper,L2_late_paper,RMSE_paper,maxerr_paper,L2_exact,L2_late_exact,RMSE_exact,maxerr_exact,rad_r_p50,rad_r_p90,rad_r_p99,rad_r_max,rad_r_mean_all,rad_r_mean_selected,rad_t_mean_selected,rad_x_mean_selected,rad_seconds_update
2.331350683484348,0.9154646960264907,0.3108919073072698,61087700561520.82,1,0,4896366002176.0,0.0009998946450345664,1.5107021500000073,32,0.013677163049578667,0.005271446891129017,0.0031730986665934324,1644214878208.0,102897713732426.67,13462756691934.045,559022725541184.4,1.0000000000000857,104.1364941769783,436.17469649286437,1.3928219665571813,1.492604651846821,104.13694459303606,436.16327197101504,1.3928219535554,1.4926043989186144,,,,,,,,,
0.007608461349980712,0.0018143624892671157,0.0004893295653408369,129554850103.39674,250,12,2117378304.0,0.0009740037464252968,19.44589901499993,8000,0.0004149171872995794,1.2984594377485337e-06,6.752224521733297e-07,438302816.0,3314353639894.358,33663031768849.707,385329343210620.3,1.000000000000334,,,,,,,,,,,,,,,,,
0.10026080781352789,0.00020490557483201217,0.00014317940815210823,120867089665.70984,500,25,1968298240.0,0.0009486832980505138,38.3536172239998,16000,0.0004730604123324156,6.030231816112064e-07,2.557378309120395e-07,350180416.0,3153505324315.5874,34146796185699.87,413423146055568.5,1.0000000000003488,1.8075359319998372,6.681501195854998,0.024175729856549633,0.09768989479265112,1.8075428357596461,6.681335400557586,0.02417571740246906,0.09769009700228859,,,,,,,,,
,,,,500,,,,,,,,,,,,,,,,,,,,,,17339.4296875,44018.04570312501,73067.46406250009,107222.65625,21043.150651047563,26181.883781671524,0.49330517917495803,1.315442762362855,5.102931240000004
0.07610817800985874,0.0010299144630835726,0.0002562598457747992,87971520590.1904,750,37,1498873728.0,0.0009240210864723069,62.607565352999735,24000,0.00037521839840337634,3.195468138983415e-07,1.9235667991779337e-07,297502688.0,2952082253329.0625,33040395722401.445,432204947581285.5,1.0000000000003713,,,,,,,,,,,,,,,,,
0.07917741071168197,0.0013142877411845633,0.00013061097023851312,64419702204.19559,1000,50,1114329344.0,0.0009000000000000001,80.31439306099993,32000,0.00033380938111804426,1.712214157123526e-07,1.3815531474392628e-07,172380848.0,2636439048959.9346,29949031082280.047,410787354497413.1,1.0000000000004152,1.6414660392697746,5.802201313014676,0.02195455085099251,0.09639879113159079,1.6414721930625071,5.802061458670144,0.02195453799401253,0.09639899334122826,,,,,,,,,
,,,,1000,,,,,,,,,,,,,,,,,,,,,,13350.29296875,34594.242578125006,59773.331328125,98340.5234375,16586.490310954094,21764.66416672468,0.48555051529933796,1.341308004332924,3.3920588350000003
0.05318658511235189,0.0010262197694550124,6.64369773806853e-05,60689803262.52813,1250,62,1036134016.0,0.0008766033717827672,102.82680422099982,40000,0.00026324245845898986,1.5358645555352268e-07,1.5579107071062026e-07,175012512.0,2961610092426.755,33593460498848.67,490018475615759.8,1.0000000000003693,,,,,,,,,,,,,,,,,
0.058606343340627545,0.0003505669641966952,9.723104083250234e-05,123351391154.6778,1500,75,1157996544.0,0.0008538149682454625,121.44468765499975,48000,0.0003186688700225204,7.672601043395844e-08,7.99722172928341e-08,181452480.0,2930442013769.703,32633928365138.273,502668339111372.4,1.000000000000374,1.7668180008819474,6.429754327529477,0.02363112895230394,0.09980045428595442,1.7668248253454248,6.429598136966941,0.02363111779824928,0.09980065649559189,,,,,,,,,
,,,,1500,,,,,,,,,,,,,,,,,,,,,,11528.94775390625,28716.919726562504,48062.00054687506,87945.7890625,13847.051796068763,17888.793088179827,0.5021218284310216,1.3388456588247633,3.8845963740000116
0.029074978256322458,0.0003071778855021182,8.865992073191246e-05,59288152903.59168,1750,87,847687232.0,0.0008316189778250762,144.56163870499992,56000,0.00022623763652518392,7.348157993192217e-08,8.257491401764128e-08,184916352.0,2740204065192.6616,29276646033694.055,492671690270181.3,1.000000000000401,,,,,,,,,,,,,,,,,
0.06327452498855876,0.0014089859541838515,0.00011450202819316996,106367967550.9386,2000,100,1156907008.0,0.0008100000000000001,163.38886442099985,64000,0.00038194391527213156,1.237677054177766e-07,6.547770681208931e-08,174311056.0,2484644937870.9863,25256947343192.46,465423457002649.6,1.000000000000444,1.7437070786580742,6.310861727556499,0.02332202117606077,0.10164095630965132,1.7437139068317562,6.310710564087005,0.023322011411476908,0.10164115851928879,,,,,,,,,
,,,,2000,,,,,,,,,,,,,,,,,,,,,,10536.5263671875,26580.51582031251,44507.040234375,71303.1171875,12775.530659564209,17497.976171803475,0.492454454090775,1.3698575687842038,3.1782678379999822
0.013903876669916042,0.00029740419738732656,2.78695932928494e-05,45155549064.38133,2250,112,599269440.0,0.0007889430346044905,185.2605333569998,72000,0.00021353870397433639,5.125638935510324e-08,4.32353850499112e-08,77459848.0,2347569226863.2354,22497240388526.16,447770800182615.56,1.0000000000004727,,,,,,,,,,,,,,,,,
0.005796610353449112,0.0004285211757197035,4.3015505235818704e-05,72414724780.16454,2500,125,680746624.0,0.0007684334714209162,202.57297243999975,80000,0.00021969358203932643,2.079883820726991e-08,3.8046657380164106e-08,102204760.0,2546169514856.252,22980471601982.426,491155627873966.8,1.0000000000004383,1.735235727036949,6.273840276156911,0.02320871714448582,0.10360458290300269,1.735242395395881,6.273691521002896,0.02320870573351801,0.10360478511264015,,,,,,,,,
,,,,2500,,,,,,,,,,,,,,,,,,,,,,9376.3525390625,24177.48730468751,38646.51882812501,55449.1640625,11415.81139708581,14430.34651420936,0.4907837734527808,1.3169934078615608,3.3470492929999978
0.04333247814465122,0.0003271155245587498,5.249620045636711e-05,55473853185.385086,2750,137,364341792.0,0.0007484570800425686,225.01056408099996,88000,0.00011007991997757927,1.701853236113493e-08,3.065442299998722e-08,88607896.0,2372830267300.0024,19190019638400.273,463434580474260.44,1.0000000000004756,,,,,,,,,,,,,,,,,
0.15391414226551928,0.00010015905479901614,4.994450112242221e-05,86789876792.63596,3000,150,446791360.0,0.0007290000000000002,242.45444028999927,96000,0.00018618229660205543,2.9201176587889677e-08,3.3762312057206145e-08,93863984.0,1827912126495.5674,13732094889270.393,361394638545713.44,1.0000000000006226,1.8484535069012953,6.85126529185725,0.024723000989416318,0.10859527683824093,1.848460899620328,6.851102194051615,0.024722992702938658,0.10859553442991515,,,,,,,,,
,,,,3000,,,,,,,,,,,,,,,,,,,,,,8483.72705078125,21459.674804687515,37657.091562500005,56879.26171875,10437.690570685578,13074.02553895712,0.502090452987084,1.3353826396355504,3.4626579750000133
0.01426694916011117,0.00042616811023171134,0.00015292723105952212,53973608725.89242,3250,162,625628864.0,0.0007100487311440415,265.07083201199936,104000,0.00020100196707062423,1.5794180185935147e-08,4.708573797529425e-08,79291632.0,2599258237684.2837,17550658673852.014,501299216786556.56,1.0000000000004436,,,,,,,,,,,,,,,,,
0.13223078867360785,0.0013189982070594167,1.23250828609269e-05,48638248121.840485,3500,175,593231488.0,0.0006915901242788246,283.40316537899963,112000,0.00018955106497742236,3.898987799288989e-08,2.5299502937059515e-08,79368240.0,2637535986135.464,16485362186998.658,524624587232498.94,1.0000000000004416,1.4818361823436716,4.8744059890066564,0.0198195070990183,0.10507630429237873,1.4818414316528077,4.874300732271483,0.019819491399136132,0.10507656188405295,,,,,,,,,
,,,,3500,,,,,,,,,,,,,,,,,,,,,,8896.6904296875,21613.2001953125,33708.026796875005,51385.1328125,10435.693573492623,13689.579481214285,0.48442792488345543,1.3000021916262585,3.204171736000035
0.03981380909436698,0.0026514517091257585,0.00018932641641902561,51495461811.53373,3750,187,597023872.0,0.0006736113720383118,305.32152405599953,120000,0.0001666875323280692,1.2072976574017957e-07,7.037060356651637e-08,82712216.0,2855317707797.9204,16351824772327.932,517142182142886.56,1.0000000000004132,,,,,,,,,,,,,,,,,
0.005094940712040431,0.01216639524724976,0.00017497371584364188,80832981124.9137,4000,200,416642880.0,0.0006561000000000001,322.99943276799985,128000,8.24594681034796e-05,2.0259394659660757e-06,4.1901458303073014e-08,105235536.0,3082079748811.828,16717172039519.76,558279359081214.75,1.0000000000003861,1.8307135187412578,6.7851726354262,0.024485729268382838,0.11505914351910144,1.8307211309070999,6.785013578386359,0.024485724945455097,0.11505940111077567,,,,,,,,,
,,,,4000,,,,,,,,,,,,,,,,,,,,,,8776.048828125,24139.491796875,52675.633281250244,75930.640625,11460.757695167495,15618.274986886978,0.49844491652287654,1.3721783316673295,4.166290911999965
0.022798264872105126,0.00354867144560552,0.00018231104151949628,50506798021.17371,4250,212,344255072.0,0.0006390438580296373,346.4016464719999,136000,8.888337470125407e-05,2.039234630046849e-07,3.36995924499206e-08,71095848.0,2847057085869.4487,15498956716216.684,502752683901888.2,1.0000000000004177,,,,,,,,,,,,,,,,,
0.07751139287294974,0.0008085418402884751,2.4547461570868573e-05,36633106065.57631,4500,225,460077952.0,0.0006224311118509421,363.55860411100065,144000,0.00012738208170048892,3.5110454632558685e-07,1.802668236905447e-08,45739708.0,3123795812076.2676,17603244133252.734,568160373497068.6,1.0000000000003786,2.327939425027707,9.038624675364765,0.031136108370257494,0.1130620377418378,2.32794909153699,9.038391701025125,0.031136102697494533,0.11306229533351203,,,,,,,,,
,,,,4500,,,,,,,,,,,,,,,,,,,,,,7543.4951171875,19398.7052734375,33057.11429687502,46914.94140625,9236.936294272948,11376.565589725971,0.4885580930203613,1.3336413166225054,2.6873549270000012
0.019403101601330276,0.00014322617789021933,2.8924826959359663e-05,85648665047.29706,4750,237,275830784.0,0.0006062502348344807,385.0040021090007,152000,8.549705671612173e-05,1.003172389602014e-08,9.66647029088108e-09,91981136.0,2058448739439.6008,174938406540038.28,631399774796352.9,1.0000000000004932,,,,,,,,,,,,,,,,,
0.06172119864310414,0.00031377097684720783,6.276036846732641e-05,48423393078.35307,5000,250,387772352.0,0.00059049,402.33450105600116,160000,0.0001143630943261087,4.70419898590535e-08,1.0870525812833876e-08,58065776.0,2718151026959.367,228453362074572.66,745456663055497.6,1.0000000000003737,2.595146032149259,10.07348747333101,0.0347099873926837,0.12567101663917096,2.595157652787006,10.07323315753687,0.03470999236500322,0.12567127423084518,,,,,,,,,
