gradnorm_u,gradnorm_ut,gradnorm_ux,gradnorm_f,step,epoch,loss,lr,train_seconds,pde_evaluations,L_u,L_ut,L_ux,L_f,lam_u,lam_ut,lam_ux,lam_f,L2_paper,L2_late_paper,RMSE_paper,maxerr_paper,L2_exact,L2_late_exact,RMSE_exact,maxerr_exact
0.1889792721298501,347.5479788778981,0.8864712258565289,1336671878141.5938,1,0,160288145408.0,0.0001,1.8882397270000055,32,0.004627852700650692,4.075026988983154,0.021158425137400627,47861186560.0,10390557043117.193,7291603190.474216,1636582719632.6047,1.0000000001378513,6.087117913046128,26.137693261045627,0.08141498913825222,0.23181795717503595,6.087154318383553,26.137100824309574,0.0814151231578494,0.23181729396214035
0.0030170195166914653,1.050425467712471,0.033506178658998284,80064893896.25917,250,12,840953664.0,0.0001,19.766091138000093,8000,9.08060792426113e-06,0.00043969243415631354,8.126145985443145e-05,696345280.0,5123493317032.596,4671598371.451295,1181739821548.2468,1.0000000002151008,,,,,,,,
0.004686796016678032,2.364619226569653,0.014941307049423055,33855088947.47341,500,25,318150368.0,0.0001,38.303947877000056,16000,9.805992704059463e-06,0.0006106117507442832,3.3145515772048384e-05,246615456.0,3975886462768.8804,3790920321.1989636,912118205086.1632,1.000000000265136,2.6215261035634057,11.410144451657791,0.03506281992498047,0.14066209243071975,2.621538304199358,11.409951941306614,0.035062831125347194,0.1406625905999218
0.0021483791700939647,0.9600047029645417,0.006131981228164858,22184390191.902317,750,37,148678736.0,0.0001,59.652897665999944,24000,4.657575118471868e-06,0.00018352907500229776,1.5063475984788965e-05,115994288.0,3696002579917.1074,3273482632.066325,987106682302.5496,1.0000000003067686,,,,,,,,
0.0031297168332662753,0.24104225693806475,0.008001457001245755,16541260893.981413,1000,50,95654624.0,0.0001,79.45012309399998,32000,3.370839749550214e-06,7.123808609321713e-05,1.4523960999213159e-05,72953680.0,3021343856688.481,2737927809.4720125,848352016268.111,1.0000000003667493,2.4338823119406534,10.548621586275168,0.032553090776464295,0.13835758953194552,2.4338889222988547,10.548438341027266,0.032553038085965075,0.1383582132468164
0.0022069405952180256,1.1966277003139705,0.007716936117088161,20713749240.240448,1250,62,104820920.0,0.0001,100.85057553499986,40000,3.0494761631416623e-06,0.0001111680903704837,1.219877231051214e-05,82681088.0,3331841781094.231,2929306247.659159,955326847591.4327,1.0000000003427247,,,,,,,,
0.0017299878172973532,0.9217210512945679,0.008870708499898211,8963424243.067595,1500,75,43674020.0,0.0001,119.01188940700006,48000,1.5189846180874156e-06,0.00010885587107622996,1.2091571989003569e-05,28686644.0,2963546223569.7227,2645310764.5625405,843383838395.2825,1.0000000003795506,2.3442856055601387,9.752543498213253,0.03135473796303202,0.14139845459561282,2.3442934950505583,9.752375604759656,0.0313547075751432,0.1413990783104837
0.0011920130709351016,0.5050122997931745,0.004741702540221528,12652597494.099907,1750,87,52245688.0,0.0001,139.07091858200002,56000,1.423336243533413e-06,6.160972407087684e-05,3.84906752515235e-06,45602992.0,2513239765630.3306,2206092746.0310607,761118008488.9531,1.0000000004550018,,,,,,,,
0.001812271543789921,1.1350323602233043,0.005512091170960734,5986798285.959468,2000,100,20694468.0,0.0001,158.0986947320002,64000,1.2682810393016553e-06,0.00016260097618214786,4.476445610634983e-06,13739797.0,2379991584334.1133,2256759269.9867563,797333613606.0654,1.0000000004447875,2.2970095977124596,9.411952688567954,0.030722423011949933,0.14305701344113284,2.2970199156994293,9.411791937201018,0.030722427845785757,0.14305763715600373
0.0016939037299659957,0.3904778889932709,0.003175000314855493,11540267685.126085,2250,112,41558396.0,0.0001,177.55750387399993,72000,1.1612471553235082e-06,3.754070712602697e-05,3.367861836522934e-06,36313152.0,2370241004183.3545,1986154598.1153855,718036382084.9181,1.0000000005053,,,,,,,,
0.0013002712195871176,1.1830872218217778,0.0038082612808283994,7503222285.713069,2500,125,25369880.0,0.0001,196.4182519399998,80000,7.657006904082664e-07,0.00012426944158505648,2.999149728566408e-06,20284888.0,2720293920743.526,2387647486.2853675,902039149861.072,1.0000000004202987,2.243971663843071,8.486703535105676,0.03001304250189985,0.14510928088200548,2.243982228377537,8.48656619978223,0.030013053708140097,0.1451099628888236
0.0025023251703243017,0.6498857466946281,0.004732778179305493,7488222366.323899,2750,137,30088996.0,0.0001,215.3639980690002,88000,2.0534207578748465e-06,6.91223976900801e-05,3.2014136195357423e-06,23181520.0,2141142479160.0203,1909456224.652738,743054231497.1722,1.000000000525522,,,,,,,,
0.0010316483063971236,1.4766874379621724,0.003538314939568719,6011385300.761746,3000,150,16679298.0,0.0001,233.30137554300038,96000,7.232733878481667e-07,0.00025615261984057724,2.8370757263473934e-06,12229474.0,2209727939110.4087,1995226202.0222356,824970725715.3684,1.000000000502861,2.1680807429703237,8.018041660930479,0.02899800409015752,0.14628441124062472,2.168090993836866,8.017913175110419,0.028998015500866465,0.1462850349554956
0.0007772469574100848,1.5150699727477668,0.003247393509686458,7930448332.559612,3250,162,26654242.0,0.0001,251.96641511899938,104000,2.6197133706773457e-07,0.0002170600782847032,2.238750084870844e-06,24279864.0,1827466015315.2312,1726661290.1547012,679327460972.6741,1.0000000005811716,,,,,,,,
0.001694603508794388,1.6009678812491799,0.005088135168486616,5376932736.473642,3500,175,17002600.0,0.0001,269.4734636289993,112000,1.1290026122878771e-06,0.0001789129601093009,3.5665032100951066e-06,11711740.0,2007380774445.2708,1984178284.8778796,748499277705.9541,1.0000000005058212,2.098070761304672,7.402728513605397,0.028061623034574202,0.14742542073006937,2.098081858765654,7.402622928775859,0.028061649827207838,0.1474255651184754
0.0012776803094218768,0.8645057169461752,0.003243162183443545,6350480648.362472,3750,187,24891186.0,0.0001,287.63425960099903,120000,8.61125272422214e-07,8.729688124731183e-05,2.855240609278553e-06,21035522.0,1835255997795.7131,1738145232.1141686,743735620608.8481,1.0000000005772154,,,,,,,,
0.000857606978790641,1.9158923000093078,0.004744582488415598,4608284940.876789,4000,200,14894870.0,0.0001,304.7578537119988,128000,6.002862278364773e-07,0.00025469358661212027,3.1389695323014166e-06,11357321.0,1595854790914.6624,1471049961.838965,702431950155.4615,1.0000000006818368,2.0374284226403256,6.78713643447322,0.02725053387642032,0.1475374790104379,2.037439369044705,6.787042594330864,0.027250562164403067,0.14753768122007538
0.00110493827153502,1.4810428120679588,0.001558198336408386,3771866651.2090464,4250,212,10078118.0,0.0001,324.3232198379993,136000,6.315442533377791e-07,0.0002390670997556299,1.1571125924092485e-06,7820747.0,1707079773040.0369,1617758902.0232432,684913123571.5028,1.000000000620185,,,,,,,,
0.002018214037951987,3.5609364246143698,0.0029521037999929263,2632003901.657265,4500,225,8840104.0,0.0001,341.7694900849993,144000,9.565560503688175e-07,0.0006766123115085065,2.2131976038508583e-06,4767896.5,1604426311231.6248,1528930814.6550567,679103605561.6254,1.0000000006561476,1.9909162471188038,5.981896939111427,0.026628435155979045,0.1459641250046243,1.9909249079367948,5.981814774526405,0.026628435570982465,0.14596432721426178
0.0009460389156542383,3.8167233206909286,0.002761675351044472,3343910354.0947194,4750,237,11259034.0,0.0001,361.5362051939996,152000,7.726580975031538e-07,0.0010151219321414828,2.329815060875262e-06,7216942.0,1447479663632.9973,1389009728.60788,649695841815.1742,1.0000000007221674,,,,,,,,
0.002175334730696203,2.42952927096189,0.0019019198121817283,3075438943.625773,5000,250,11378812.0,0.0001,380.6662433119987,160000,1.470364168199012e-06,0.0006670087459497154,1.109751565309125e-06,7860159.0,1334869450699.526,1307639651.6958072,616085559375.7153,1.000000000767109,1.8566989305129693,5.504402955393156,0.024833283241768606,0.14382441511473554,1.856707538069759,5.5043131812429875,0.024833290725607644,0.14382461732437302
