net,params,mini_batch,step_ms,ntk_update_ms_vectorised,ntk_update_ms_loop,ntk_rows,ntk_overhead_pct_every100
6x200,241601,32,71.52585079999578,673.7940870002603,1094.2154439999285,128,9.42028762278351
6x200,241601,128,130.3843363333423,6757.203175000086,8790.34783599991,512,51.82526801167689
6x200,241601,640,323.40903360000084,133880.4430360001,95537.8256009999,2560,413.9663062151389
4x200,161201,32,39.21977373332387,277.37960700005715,858.0392409999149,128,7.072442816373925
4x200,161201,128,89.84773546665868,3146.650907000094,5724.560238000322,512,35.02203912716058
4x200,161201,640,199.11835459997747,92488.64033400014,64970.216660000006,2560,464.49078247862644
3x64,21313,32,27.237511599984522,83.79396700001962,343.50958699997136,128,3.0764178545615466
3x64,21313,128,36.67598599998503,642.5056849998327,2115.1329439999245,512,17.51842977037059
3x64,21313,640,80.12539219998871,15987.00739900005,22135.594557999866,2560,199.5248567282807
